,Herbology,Defense Against the Dark Arts,Divination,Muggle Studies,Ancient Runes,History of Magic,Transfiguration,Potions,Charms,Flying,b
Mean,1.1410195296768058,-0.38786349744178583,3.1539096732863516,-224.5899148634645,495.747970059158,2.9630946151165927,1030.0969463871315,5.9503729927800775,-243.3744090125,21.958012499999985,
Std,5.2180162261386736,5.211132259349998,4.153969710726384,486.1894330848615,106.25120223070012,4.424353177154478,44.111025138058615,3.146851589354909,8.780894559533113,97.6010874237569,
Slytherin,-0.571012170960522,1.0713358683100036,-1.9938954680213785,-0.606531436569653,-0.5521786623135894,-0.224398501927146,0.6254270061331604,0.810382190911675,-0.5878106645058299,-0.31384211523350364,-3.3171345489515622
Ravenclaw,0.50194998581979,1.1832416729467516,0.10441064210844585,1.4843036949455217,1.0860168273089927,0.12355047186400406,0.09326529221975492,-0.29550160088453403,1.0922643640663086,-0.2801437237260222,-2.4302387594165875
Gryffindor,-0.96145366706681,-0.32175246935080215,0.7268274708122765,-0.18704213143290108,0.8958485489673708,-0.8013022899238009,-1.0738253707875611,0.11293432246851494,-0.24035833163774586,1.026516921380842,-2.9337799258629125
Hufflepuff,1.35787881932558,-2.049238820870763,1.079569290878715,-0.8846466254047293,-1.5536862040338189,1.0419957886962514,0.48821464247850355,-0.5173642204554388,-0.2661213236928492,-0.4445285429974386,-2.2902559977664314
