Index,Herbology,Defense Against the Dark Arts,Divination,Muggle Studies,Ancient Runes,History of Magic,Transfiguration,Potions,Charms,Flying,b
Mean,1.1410195296768058,-0.38786349744178583,3.1539096732863516,-224.5899148634645,495.747970059158,2.9630946151165927,1030.0969463871315,5.9503729927800775,-243.3744090125,21.958012499999985,
Std,5.2180162261386736,5.211132259349998,4.153969710726384,486.1894330848615,106.25120223070012,4.424353177154478,44.111025138058615,3.146851589354909,8.780894559533113,97.6010874237569,
Slytherin,-0.8946805654487365,1.0716891492168412,-1.6953629602310554,-0.3966583167967147,-0.538758761731322,-0.061856413785207086,0.38713998498029184,0.7137090870903549,-0.5307627796565142,-0.477729786262842,-3.1921606336466404
Ravenclaw,0.46205071789312097,1.118070761349516,0.14424999978589323,1.4168509776261666,1.0544943831819646,0.08504757968990946,0.11073656269306643,-0.2024944289357943,1.0725277472033872,-0.2054897403943351,-2.2228580442535013
Gryffindor,-0.9118975640828666,-0.29594112308002185,0.5617233637597049,-0.17983139819270247,0.8761615126600963,-0.8435909924601005,-1.0421662695715306,0.009811144657044928,-0.31820280366396414,0.9806812885201286,-2.658453893602941
Hufflepuff,1.4429046141574908,-1.9415085974526876,0.8915826367621615,-0.9447952982221162,-1.4772372553954916,0.8560843413262774,0.6477982295893265,-0.5131910853924975,-0.3001180917611592,-0.3872741088518405,-1.9527808755869496
