Index,Arithmancy,Herbology,Defense Against the Dark Arts,Divination,Muggle Studies,Ancient Runes,History of Magic,Transfiguration,Potions,Care of Magical Creatures,Charms,Flying,b
Mean,49634.57024265645,1.1410195296768058,-0.38786349744178583,3.1539096732863516,-224.5899148634645,495.747970059158,2.9630946151165927,1030.0969463871315,5.9503729927800775,-0.0534271367004963,-243.3744090125,21.958012499999985,
Std,16674.47957652662,5.2180162261386736,5.211132259349998,4.153969710726384,486.1894330848615,106.25120223070012,4.424353177154478,44.111025138058615,3.146851589354909,0.9711455533987499,8.780894559533113,97.6010874237569,
Slytherin,-0.0016843997374041933,-0.8160520306609981,0.8829900444824248,-1.411008672625432,-0.24382747477112832,-0.4466385432845708,0.02193593417257975,0.24533829898172765,0.5485228349222607,-0.030499415801262683,-0.49912446368495356,-0.4846926970749763,-2.4062761977556533
Ravenclaw,0.16668670479092615,0.41266963523745054,0.944773983961336,0.21728011963598978,1.213589190310907,0.9848435016264735,0.06534095769311557,0.0959028676595963,0.06576775923562864,0.03488636461206476,1.0586070106740264,-0.02035605004116377,-1.7450955015068441
Gryffindor,-0.2073990149206287,-0.8117452107926325,-0.22038237640639652,0.3430516996555285,-0.1120301734794102,0.7261211969052448,-0.7679742468520164,-0.925079959423239,-0.20025475119261735,-0.02425266112714968,-0.38721513951856085,0.8179828224841428,-2.166340197669148
Hufflepuff,0.08212275750170268,1.1980719962666175,-1.6215205704778999,0.7840498808591306,-0.867309689431603,-1.2938736532063322,0.6619874121819811,0.5805781214408631,-0.4042918885072171,-0.006501187943278595,-0.23284354347231262,-0.32535477062954227,-1.4148929344587966
