Index,Herbology,Defense Against the Dark Arts,Divination,Muggle Studies,Ancient Runes,History of Magic,Transfiguration,Potions,Charms,Flying,b
Mean,1.1410195296768058,-0.38786349744178583,3.1539096732863516,-224.5899148634645,495.747970059158,2.9630946151165927,1030.0969463871315,5.9503729927800775,-243.3744090125,21.958012499999985,
Std,5.2180162261386736,5.211132259349998,4.153969710726384,486.1894330848615,106.25120223070012,4.424353177154478,44.111025138058615,3.146851589354909,8.780894559533113,97.6010874237569,
Slytherin,-0.44449747769527503,0.43608238391223614,-0.7375329795401915,-0.1779711859265674,-0.24825576256726659,0.09166478397770944,0.09805828018176614,0.3802585082681435,-0.2566289902668345,-0.262768776366152,-2.611427738052044
Ravenclaw,0.1677684510052509,0.45678823186519685,0.2370442737721618,0.6228688136994673,0.45897310660474616,0.08602523983764607,0.1655180144819088,0.014973656522899347,0.5390883576845198,-0.15558642416376997,-0.9244074240075162
Gryffindor,-0.3404907718416561,-0.19721202398465054,0.1649777612468879,-0.08044712870285628,0.36245793116923497,-0.5057850870040346,-0.4991167277169233,-0.1918629728629219,-0.2302745941875806,0.5089409669562651,-2.625396312520941
Hufflepuff,0.6730606043653788,-0.7425099250036257,0.35787008966356676,-0.4203079930068063,-0.5903376152971853,0.3539592269561896,0.2422313246647775,-0.17709797386627174,-0.04987069585106815,-0.06841949088683995,-1.0878984990239384
