Index,Arithmancy,Herbology,Defense Against the Dark Arts,Divination,Muggle Studies,Ancient Runes,History of Magic,Transfiguration,Potions,Care of Magical Creatures,Charms,Flying,b
Mean,49634.57024265645,1.1410195296768058,-0.38786349744178583,3.1539096732863516,-224.5899148634645,495.747970059158,2.9630946151165927,1030.0969463871315,5.9503729927800775,-0.0534271367004963,-243.3744090125,21.958012499999985,
Std,16674.47957652662,5.2180162261386736,5.211132259349998,4.153969710726384,486.1894330848615,106.25120223070012,4.424353177154478,44.111025138058615,3.146851589354909,0.9711455533987499,8.780894559533113,97.6010874237569,
Slytherin,-0.001437162097085717,-0.8206200741553602,0.887915939772198,-1.4193363877785632,-0.24462799433539345,-0.4488700296189849,0.021433278269568024,0.2468172965823491,0.5510783090087551,-0.03064133451170822,-0.5019591522297971,-0.4871952241176072,-2.406318313461335
Ravenclaw,0.168775454053218,0.41409661113899765,0.9495996925203741,0.21781221663220257,1.2199761579298696,0.9900890481983596,0.0650183171523216,0.0959382459499538,0.06566966181071116,0.03503972398153407,1.0632873877742648,-0.02031774746747783,-1.7447655554325683
Gryffindor,-0.2089712725716852,-0.8172547270373642,-0.22115667946529755,0.3453004514382884,-0.11250328717413022,0.7312271422872497,-0.7726636996380417,-0.9312657920950822,-0.20090380029191154,-0.02446583482261703,-0.38933699027762786,0.8230679044765649,-2.164347223418755
Hufflepuff,0.08270664727602019,1.2044328581084187,-1.6305461429068662,0.7883427565325236,-0.8718162586346146,-1.301092327629178,0.6654366649316845,0.5835209229682796,-0.40694364111776227,-0.0066902590609099755,-0.23429455007263097,-0.3272057080304738,-1.4160494913652113
