,Herbology,Defense Against the Dark Arts,Divination,Muggle Studies,Ancient Runes,History of Magic,Transfiguration,Potions,Charms,Flying,b
Mean,1.1410195296768058,-0.38786349744178583,3.1539096732863516,-224.5899148634645,495.747970059158,2.9630946151165927,1030.0969463871315,5.9503729927800775,-243.3744090125,21.958012499999985,
Std,5.2180162261386736,5.211132259349998,4.153969710726384,486.1894330848615,106.25120223070012,4.424353177154478,44.111025138058615,3.146851589354909,8.780894559533113,97.6010874237569,
Slytherin,-0.48000856069609366,0.5063333764893571,-0.8095897582757917,-0.17850115269127081,-0.25926625069116427,0.05997364655334742,0.14063808922446216,0.42214770502134974,-0.2572349451645428,-0.2645074447823252,-2.152168260684117
Ravenclaw,0.2841088900439525,0.5690762333613967,0.1850736821907182,0.6825600946594226,0.5931769816603771,0.06590646708205597,0.11039074005070106,0.10563133527962675,0.6620342079718171,-0.0014394395357842514,-1.8326442839775223
Gryffindor,-0.4042024766335932,-0.18901272806859093,0.11452480015319738,-0.11166581538435,0.324985090254577,-0.45903653726875426,-0.4914052750664929,-0.15739468267459267,-0.28140952969824273,0.4338295314909623,-2.700155057662891
Hufflepuff,0.6061817294307539,-0.8055202349243208,0.4242757521717722,-0.4017011952040954,-0.6888595113057713,0.35727208556295303,0.3207311286399779,-0.2934747559184027,-0.10477117894829338,-0.2095914618925866,-0.8500298259215535
